region,title,location,price,url,fetched_at
H·ªì Ch√≠ Minh,"B√°n Nh√† Ph·ªë c√≥ Thang M√°y Thi·∫øt K·∫ø ƒê·∫πp ƒê∆∞·ªùng L√™ ƒê·ª©c Th·ªç, Qu·∫≠n G√≤ V·∫•p","Qu·∫≠n G√≤ V·∫•p, TPHCM",13 t·ª∑ 900 tri·ªáu,https://mogi.vn/ho-chi-minh/mua-nha,2026-02-02 15:50:42
H·ªì Ch√≠ Minh,C·∫ßn B√°n ho·∫∑c Cho Thu√™ nh√† m·∫∑t ti·ªÅn trung t√¢m qu·∫≠n 3,"Qu·∫≠n 3, TPHCM",27 t·ª∑,https://mogi.vn/ho-chi-minh/mua-nha,2026-02-02 15:50:42
H·ªì Ch√≠ Minh,"B√°n shophouse Starhill cƒÉn g√≥c ‚Äì 2 l·∫ßu, ƒë·ªëi di·ªán tr∆∞·ªùng ƒêinh Thi·ªán L√Ω","Qu·∫≠n 7, TPHCM",27 t·ª∑ 500 tri·ªáu,https://mogi.vn/ho-chi-minh/mua-nha,2026-02-02 15:50:42
H·ªì Ch√≠ Minh,"B√°n nh√† MT ƒë∆∞·ªùng S·ªë 17B, P. B√¨nh Tr·ªã ƒê√¥ng B, 5 x 20m, 3.5 t·∫•m, gi√° 12","Qu·∫≠n B√¨nh T√¢n, TPHCM",12 t·ª∑,https://mogi.vn/ho-chi-minh/mua-nha,2026-02-02 15:50:42
H·ªì Ch√≠ Minh,"B√°n nh√† MT ƒë∆∞·ªùng S·ªë 6A, B√¨nh Tr·ªã ƒê√¥ng B, 6 x 21m, c·∫•p 4, gi√° 18 t·ª∑. kh","Qu·∫≠n B√¨nh T√¢n, TPHCM",18 t·ª∑,https://mogi.vn/ho-chi-minh/mua-nha,2026-02-02 15:50:42
H·ªì Ch√≠ Minh,"B√°n nh√† MT ƒë∆∞·ªùng S·ªë 6D, P. B√¨nh Tr·ªã ƒê√¥ng B, Q. B√¨nh T√¢n, 5 x 18, 3.5 t","Qu·∫≠n B√¨nh T√¢n, TPHCM",8 t·ª∑ 500 tri·ªáu,https://mogi.vn/ho-chi-minh/mua-nha,2026-02-02 15:50:42
H·ªì Ch√≠ Minh,"B√°n nh√† MT ƒë∆∞·ªùng S·ªë 1A, P. B√¨nh Tr·ªã ƒê√¥ng B, 4.2 x 20m, 2.5 t·∫•m, gi√° 8.","Qu·∫≠n B√¨nh T√¢n, TPHCM",8 t·ª∑ 800 tri·ªáu,https://mogi.vn/ho-chi-minh/mua-nha,2026-02-02 15:50:42
H·ªì Ch√≠ Minh,"B√°n nh√† MT ƒë∆∞·ªùng S·ªë 3, P. B√¨nh Tr·ªã ƒê√¥ng B, 4 x 20m, 3.5 t·∫•m, gi√° 9.4 t","Qu·∫≠n B√¨nh T√¢n, TPHCM",9 t·ª∑ 400 tri·ªáu,https://mogi.vn/ho-chi-minh/mua-nha,2026-02-02 15:50:42
H·ªì Ch√≠ Minh,"B√°n nh√† G√≥c MT ƒë∆∞·ªùng Ch·ª£ L·ªõn, P.11, Q.6, nh√† 4.5 t·∫•m, 5 x 18m, gi√° 19.","Qu·∫≠n 6, TPHCM",19 t·ª∑ 900 tri·ªáu,https://mogi.vn/ho-chi-minh/mua-nha,2026-02-02 15:50:42
H·ªì Ch√≠ Minh,B√°n MTKD ƒë∆∞·ªùng T√™n L·ª≠a ngay s√°t Aeon B√¨nh T√¢n gi√° 20 t·ª∑ TL nh√† m·ªõi .,"Qu·∫≠n B√¨nh T√¢n, TPHCM",20 t·ª∑,https://mogi.vn/ho-chi-minh/mua-nha,2026-02-02 15:50:42
H·ªì Ch√≠ Minh,"B√°n nh√† G√≥c 2 MT ƒë∆∞·ªùng T·∫° M·ªπ Du·∫≠t,khu t√™n l·ª≠a, 4 x 20m, 3.5 t·∫•m, gi√° 1","Qu·∫≠n B√¨nh T√¢n, TPHCM",10 t·ª∑ 700 tri·ªáu,https://mogi.vn/ho-chi-minh/mua-nha,2026-02-02 15:50:42
H·ªì Ch√≠ Minh,"B√°n nh√† MT ƒë∆∞·ªùng S·ªë 38, P. T√¢n T·∫°o, 4.5 x 15m, 2.5 t·∫•m, gi√° 8 t·ª∑","Qu·∫≠n B√¨nh T√¢n, TPHCM",8 t·ª∑,https://mogi.vn/ho-chi-minh/mua-nha,2026-02-02 15:50:42
H·ªì Ch√≠ Minh,B√°n c·∫∑p nh√† ƒë∆∞·ªùng s·ªë 7B ngay C√¥ng An  p. An L·∫°c A gi√° 27 t·ª∑ TL,"Qu·∫≠n B√¨nh T√¢n, TPHCM",27 t·ª∑,https://mogi.vn/ho-chi-minh/mua-nha,2026-02-02 15:50:42
H·ªì Ch√≠ Minh,"B√°n g·∫•p nh√† x∆∞·ªüng 280m2, m·∫∑t ti·ªÅn ƒë∆∞·ªùng s·ªë Nguy·ªÖn Th·ªã ƒê·ªãnh, Q.2, 30 t·ª∑","Qu·∫≠n 2 (TP. Th·ªß ƒê·ª©c), TPHCM",30 t·ª∑,https://mogi.vn/ho-chi-minh/mua-nha,2026-02-02 15:50:42
H·ªì Ch√≠ Minh,B√°n bi·ªát th·ª± khu t√™n l·ª≠a ƒë∆∞·ªùng s·ªë 18 c·∫ßn b√°n g·∫•p 18.5 t·ª∑,"Qu·∫≠n B√¨nh T√¢n, TPHCM",18 t·ª∑ 500 tri·ªáu,https://mogi.vn/ho-chi-minh/mua-nha,2026-02-02 15:50:42
B√¨nh D∆∞∆°ng,Nh√† Ph·ªë Th∆∞∆°ng M·∫°i M·∫∑t Ti·ªÅn ƒê∆∞·ªùng L√™ Lai Ch·ªâ 2 t·ª∑ 500tr Nh·∫≠n Nh√†,"Th√†nh ph·ªë th·ªß D·∫ßu M·ªôt, B√¨nh D∆∞∆°ng",8 t·ª∑,https://mogi.vn/binh-duong/mua-nha,2026-02-02 15:50:44
B√¨nh D∆∞∆°ng,B√°n 2 D√£y Tr·ªç G·∫ßn C·ªïng KCN M·ªπ Ph∆∞·ªõc 3 Khu C√¥ng Nh√¢n ƒê√¥ng ƒê√∫c,"Th·ªã X√£ B·∫øn C√°t, B√¨nh D∆∞∆°ng",4 t·ª∑ 550 tri·ªáu,https://mogi.vn/binh-duong/mua-nha,2026-02-02 15:50:44
B√¨nh D∆∞∆°ng,C·∫ßn B√°n G·∫•p Nh√† 300m V·ªã Tr√≠ Si√™u Trung T√¢m Ngay C·ªïng Ch√≠nh M·ªπ Ph∆∞·ªõc 3,"Th·ªã X√£ B·∫øn C√°t, B√¨nh D∆∞∆°ng",4 t·ª∑ 750 tri·ªáu,https://mogi.vn/binh-duong/mua-nha,2026-02-02 15:50:44
B√¨nh D∆∞∆°ng,"B√°n G·∫•p Nh√† H·∫ªm Vƒ©nh Ph√∫ 39, P.Vƒ©nh Ph√∫, Tp.HCM V·ªã Tr√≠ ƒê·∫πp, G·∫ßn Qu·ªëc L","Th√†nh Ph·ªë Thu·∫≠n An, B√¨nh D∆∞∆°ng",5 t·ª∑ 400 tri·ªáu,https://mogi.vn/binh-duong/mua-nha,2026-02-02 15:50:44
B√¨nh D∆∞∆°ng,Si√™u ph·∫©m nh√† 1 tr·ªát 1 l·∫ßu gi√° r·∫ª 120m2 ngay Trung t√¢m Th·ªß D·∫ßu M·ªôt,"Th√†nh ph·ªë th·ªß D·∫ßu M·ªôt, B√¨nh D∆∞∆°ng",2 t·ª∑ 300 tri·ªáu,https://mogi.vn/binh-duong/mua-nha,2026-02-02 15:50:44
B√¨nh D∆∞∆°ng,"Si√™u Hi·∫øm 2 D√£y Nh√† Tr·ªç Full Ph√≤ng T·∫°i M·ªπ Ph∆∞·ªõc 3 MT ƒë∆∞·ªùng 16m, SHR, G","Th·ªã X√£ B·∫øn C√°t, B√¨nh D∆∞∆°ng",4 t·ª∑ 550 tri·ªáu,https://mogi.vn/binh-duong/mua-nha,2026-02-02 15:50:44
B√¨nh D∆∞∆°ng,"C∆† H·ªòI CU·ªêI TR∆Ø·ªöC ""NG√ÄY 1/1/2026"". ƒê·ª´ng ƒë·ªÉ l·ª° nh∆∞ ƒë√£ l·ª° H√† T√¢y!","Th√†nh Ph·ªë Dƒ© An, B√¨nh D∆∞∆°ng",6 t·ª∑ 400 tri·ªáu,https://mogi.vn/binh-duong/mua-nha,2026-02-02 15:50:44
B√¨nh D∆∞∆°ng,"b√°n g·∫Øp ƒë·∫•t ·ªü dƒ© √°n g·∫ßn ch·ª£, g·∫ßn tuy·ªÅn metro","Th√†nh Ph·ªë Dƒ© An, B√¨nh D∆∞∆°ng",4 t·ª∑ 200 tri·ªáu,https://mogi.vn/binh-duong/mua-nha,2026-02-02 15:50:44
B√¨nh D∆∞∆°ng,Ch√≠nh ch·ªß c·∫ßn b√°n l√¥ ƒë·∫•t n√™n ng√†y tuy·∫øn Metro s12,"Th√†nh Ph·ªë Dƒ© An, B√¨nh D∆∞∆°ng",4 t·ª∑ 200 tri·ªáu,https://mogi.vn/binh-duong/mua-nha,2026-02-02 15:50:44
B√¨nh D∆∞∆°ng,Sycamore- Khu bi·ªát th·ª± ƒë·∫≥ng c·∫•p c·ªßa CapitaLand,"Th√†nh ph·ªë th·ªß D·∫ßu M·ªôt, B√¨nh D∆∞∆°ng",17 t·ª∑,https://mogi.vn/binh-duong/mua-nha,2026-02-02 15:50:44
B√¨nh D∆∞∆°ng,"Nh√† M·ªπ Ph∆∞·ªõc 3, B√¨nh D∆∞∆°ng 1 Tr·ªát 3 L·∫ßu, Ngay Tr·ª•c Ch√≠nh, G·∫ßn Ch·ª£ Tr∆∞·ªù","Th·ªã X√£ B·∫øn C√°t, B√¨nh D∆∞∆°ng",3 t·ª∑ 900 tri·ªáu,https://mogi.vn/binh-duong/mua-nha,2026-02-02 15:50:44
B√¨nh D∆∞∆°ng,TDC H√≤a L·ª£i (Golden Boulevard),"Th·ªã X√£ B·∫øn C√°t, B√¨nh D∆∞∆°ng",4 t·ª∑ 150 tri·ªáu,https://mogi.vn/binh-duong/mua-nha,2026-02-02 15:50:44
B√¨nh D∆∞∆°ng,"B√°n Kh√°ch S·∫°n 5 t·∫ßng , TTHC Dƒ© An , 20 ph√≤ng ,@939.20.8616","Th√†nh Ph·ªë Dƒ© An, B√¨nh D∆∞∆°ng",15 t·ª∑ 800 tri·ªáu,https://mogi.vn/binh-duong/mua-nha,2026-02-02 15:50:44
B√¨nh D∆∞∆°ng,"Gi·∫£m 4 t·ª∑ , M·∫∑t Ti·ªÅn QL 1K , 243m2 (ngang 8m) , 3 T·∫ßng , 60tr th√°ng","Th√†nh Ph·ªë Dƒ© An, B√¨nh D∆∞∆°ng",20 t·ª∑ 500 tri·ªáu,https://mogi.vn/binh-duong/mua-nha,2026-02-02 15:50:44
B√¨nh D∆∞∆°ng,"B√°n nh√† M·∫∑t Ti·ªÅn KD QL 1K , 235 m2 , Nh·ªânh 40tr /m2 , Lh @939.208.616","Th√†nh Ph·ªë Dƒ© An, B√¨nh D∆∞∆°ng",10 t·ª∑ 500 tri·ªáu,https://mogi.vn/binh-duong/mua-nha,2026-02-02 15:50:44
B√† R·ªãa - V≈©ng T√†u,"B√°n nh√† ph·ªë The Light City V≈©ng T√†u  s√¢n v∆∞·ªùn, ri√™ng t∆∞, chu·∫©n ph√°p l√Ω","TP. V≈©ng T√†u, B√† R·ªãa - V≈©ng T√†u",5 t·ª∑ 500 tri·ªáu,https://mogi.vn/ba-ria-vung-tau/mua-nha,2026-02-02 15:50:46
B√† R·ªãa - V≈©ng T√†u,"B√°n nh√† g√≥c 2 m·∫∑t ti·ªÅn - nh√¨n th·∫≥ng ra L√™ Ng·ªçc H√¢n, P1, TP V≈©ng T√†u","TP. V≈©ng T√†u, B√† R·ªãa - V≈©ng T√†u",10 t·ª∑ 560 tri·ªáu,https://mogi.vn/ba-ria-vung-tau/mua-nha,2026-02-02 15:50:46
B√† R·ªãa - V≈©ng T√†u,B√°n nh√† 1 tr·ªát 2 l·∫ßu ƒë∆∞·ªùng Nguy·ªÖn Th·ªã Minh Khai - V≈©ng T√†u,"TP. V≈©ng T√†u, B√† R·ªãa - V≈©ng T√†u",12 t·ª∑ 500 tri·ªáu,https://mogi.vn/ba-ria-vung-tau/mua-nha,2026-02-02 15:50:46
B√† R·ªãa - V≈©ng T√†u,"B√°n nh√† 1 tr·ªát 2 l·∫ßu ƒë∆∞·ªùng Nguy·ªÖn Th·ªã Minh Khai, ph∆∞·ªùng 8","TP. V≈©ng T√†u, B√† R·ªãa - V≈©ng T√†u",12 t·ª∑ 500 tri·ªáu,https://mogi.vn/ba-ria-vung-tau/mua-nha,2026-02-02 15:50:46
B√† R·ªãa - V≈©ng T√†u,c·∫ßn b√°n nh√† th·ªã tr·∫•n ƒë·∫•t ƒë·ªè brvt,"Huy·ªán ƒê·∫•t ƒê·ªè, B√† R·ªãa - V≈©ng T√†u",3 t·ª∑,https://mogi.vn/ba-ria-vung-tau/mua-nha,2026-02-02 15:50:46
B√† R·ªãa - V≈©ng T√†u,"üè°üåü C∆° h·ªôi v√†ng ƒë·∫ßu t∆∞- b√°n nh√† 1tr·ªát 2 l·∫ßu khu ph·ªë ch·ª£, LAN ANH2","Th√†nh ph·ªë B√† R·ªãa, B√† R·ªãa - V≈©ng T√†u",2 t·ª∑ 400 tri·ªáu,https://mogi.vn/ba-ria-vung-tau/mua-nha,2026-02-02 15:50:46
B√† R·ªãa - V≈©ng T√†u,gia ƒë√¨nh c·∫ßn b√°n nh√† c·∫•p 4 t·∫°i x√£ ph∆∞·ªõc h∆∞ng -long h·∫£i,"Huy·ªán Long ƒêi·ªÅn, B√† R·ªãa - V≈©ng T√†u",1 t·ª∑ 180 tri·ªáu,https://mogi.vn/ba-ria-vung-tau/mua-nha,2026-02-02 15:50:46
B√† R·ªãa - V≈©ng T√†u,"ch√≠nh ch·ªß c·∫ßn b√°n cƒÉn nh√† c·∫•p 4 khang trang  ,  t·∫°i tr·∫•n long ƒëi·ªÅn.","Huy·ªán Long ƒêi·ªÅn, B√† R·ªãa - V≈©ng T√†u",1 t·ª∑ 350 tri·ªáu,https://mogi.vn/ba-ria-vung-tau/mua-nha,2026-02-02 15:50:46
B√† R·ªãa - V≈©ng T√†u,"c·∫ßn b√°n g·∫•p l√¥ d·∫•t ph·ªß h·ªìng - x√£ long ph∆∞·ªõc , tp brvt","Th√†nh ph·ªë B√† R·ªãa, B√† R·ªãa - V≈©ng T√†u",9 t·ª∑ 500 tri·ªáu,https://mogi.vn/ba-ria-vung-tau/mua-nha,2026-02-02 15:50:46
B√† R·ªãa - V≈©ng T√†u,Gia ƒë√¨nh c·∫ßn b√°n l√¥ ƒë·∫•t n·ªÅn d·ª± √°n khu d√¢n c∆∞ hi·ªán h·ªØu .  Th√†nh ph·ªë B√†,"Th√†nh ph·ªë B√† R·ªãa, B√† R·ªãa - V≈©ng T√†u",3 t·ª∑ 300 tri·ªáu,https://mogi.vn/ba-ria-vung-tau/mua-nha,2026-02-02 15:50:46
B√† R·ªãa - V≈©ng T√†u,"ch√≠nh ch·ªß c·∫ßn b√°n l√¥ ƒë·∫•y ƒë·∫πp, c√≥ s·∫µn ch√≤i g·ªó & ao c√°.","Th√†nh ph·ªë B√† R·ªãa, B√† R·ªãa - V≈©ng T√†u",5 t·ª∑ 200 tri·ªáu,https://mogi.vn/ba-ria-vung-tau/mua-nha,2026-02-02 15:50:46
B√† R·ªãa - V≈©ng T√†u,"Gi·∫£m H∆°n 900 Tri·ªáu! Nh√† G·∫ßn V√≤ng Xoay D·∫ßu Kh√≠ ‚Äì B√¨nh Gi√£, V≈©ng T√†u ‚Äì C","TP. V≈©ng T√†u, B√† R·ªãa - V≈©ng T√†u",3 t·ª∑ 750 tri·ªáu,https://mogi.vn/ba-ria-vung-tau/mua-nha,2026-02-02 15:50:46
B√† R·ªãa - V≈©ng T√†u,ch·ªß c·∫ßn b√°n g·∫•p gi·∫£m t·ª´ 4.7 t·ª∑ c√≤n 3.750 t·ª∑ cho cƒÉn nh√† t·∫°i ƒë∆∞·ªùng b√¨nh,"TP. V≈©ng T√†u, B√† R·ªãa - V≈©ng T√†u",3 t·ª∑ 750 tri·ªáu,https://mogi.vn/ba-ria-vung-tau/mua-nha,2026-02-02 15:50:46
B√† R·ªãa - V≈©ng T√†u,"B√°n ƒë·∫•t h·∫ªm √¥ t√¥ ƒë∆∞·ªùng Ba Cu, c√°ch ch·ª£ c√¥ Giang ch·ªâ v√†i b∆∞·ªõc ch√¢n","TP. V≈©ng T√†u, B√† R·ªãa - V≈©ng T√†u",4 t·ª∑,https://mogi.vn/ba-ria-vung-tau/mua-nha,2026-02-02 15:50:46
B√† R·ªãa - V≈©ng T√†u,"Nh√† 1 Tr·ªát 1 L·∫ßu H·∫ªm Th√¥ng L√™ L·ª£i ‚Äì Tr·∫ßn Ph√∫, V·ªã Tr√≠ ƒê·∫πp, Ti·ªán ·ªû ho·∫∑c","TP. V≈©ng T√†u, B√† R·ªãa - V≈©ng T√†u",3 t·ª∑ 700 tri·ªáu,https://mogi.vn/ba-ria-vung-tau/mua-nha,2026-02-02 15:50:46
ƒê·ªìng Nai,Nh√† b√°n ƒë∆∞·ªùng N9 khu D2D g·∫ßn topaz ƒë∆∞·ªùng th√¥ng 6 t·ª∑ hi·∫øm ng∆∞·ªùi b√°n,"TP. Bi√™n Ho√†, ƒê·ªìng Nai",6 t·ª∑,https://mogi.vn/dong-nai/mua-nha,2026-02-02 15:50:48
ƒê·ªìng Nai,Bi·ªát th·ª± x√¢y th√¥ g√≥c 2 m·∫∑t ti·ªÅn P.B·ª≠u Long gi√° 14 t·ª∑ si√™u v√≠p hi·∫øm,"TP. Bi√™n Ho√†, ƒê·ªìng Nai",14 t·ª∑,https://mogi.vn/dong-nai/mua-nha,2026-02-02 15:50:48
ƒê·ªìng Nai,"Si√™u ph·∫©m m·∫∑t ti·ªÅn N1 c·∫∑p ngang 10m gi√° 28,5 t·ª∑ d√≤ng ti·ªÅn cho thu√™ 50t","TP. Bi√™n Ho√†, ƒê·ªìng Nai",28 t·ª∑ 500 tri·ªáu,https://mogi.vn/dong-nai/mua-nha,2026-02-02 15:50:48
ƒê·ªìng Nai,"MT 768 X√£ T√¢n B√¨nh Vƒ©nh C·ª≠u 345m2 c√≥ nh√† cho thu√™ 2 m·∫∑t ti·ªÅn 9,2 t·ª∑","Huy·ªán Vƒ©nh C·ª≠u, ƒê·ªìng Nai",9 t·ª∑ 200 tri·ªáu,https://mogi.vn/dong-nai/mua-nha,2026-02-02 15:50:48
ƒê·ªìng Nai,"B√°n  nh√† P.T√¢n Ti·∫øn g·∫ßn GX B√¨nh H·∫£i 3,25 t·ª∑ 1 tr·ªát 1 l·∫ßu 3PN 70m2 ƒë·∫•t","TP. Bi√™n Ho√†, ƒê·ªìng Nai",3 t·ª∑ 250 tri·ªáu,https://mogi.vn/dong-nai/mua-nha,2026-02-02 15:50:48
ƒê·ªìng Nai,T√†i s·∫£n 80 t·ª∑ cho thu√™ d√≤ng ti·ªÅn 150tr/th 270m2 si√™u ƒë·∫Øc ƒë·ªãa g√≥c 2MT,"TP. Bi√™n Ho√†, ƒê·ªìng Nai",80 t·ª∑,https://mogi.vn/dong-nai/mua-nha,2026-02-02 15:50:48
ƒê·ªìng Nai,"Nh√† P.Ho√† B√¨nh c≈© ( Tr·∫•n Bi√™n) 58m2 ki√™ng c·ªë 2 t·∫•m ƒë∆∞·ªùng xe h∆°i 3,6 t·ª∑","TP. Bi√™n Ho√†, ƒê·ªìng Nai",3 t·ª∑ 600 tri·ªáu,https://mogi.vn/dong-nai/mua-nha,2026-02-02 15:50:48
ƒê·ªìng Nai,"Nh√† b√°n P.T√¢n Phong k·∫ø KDC T√¢n Phong 141m2 gi√° 3,1 t·ª∑ ƒë∆∞·ªùng oto SHR","TP. Bi√™n Ho√†, ƒê·ªìng Nai",3 t·ª∑ 100 tri·ªáu,https://mogi.vn/dong-nai/mua-nha,2026-02-02 15:50:48
ƒê·ªìng Nai,B√°n 839m2 MT V√µ Th·ªã S√°u 195t·ª∑ d√≤ng ti·ªÅn cho thu√™ h∆°n 2 t·ª∑/nƒÉm c·ª±c hi·∫øm,"TP. Bi√™n Ho√†, ƒê·ªìng Nai",195 t·ª∑,https://mogi.vn/dong-nai/mua-nha,2026-02-02 15:50:48
ƒê·ªìng Nai,"Nh√† th√¥ c·∫ßn b√°n KDC T√≠n Nghƒ©a 6,8 t·ª∑ g√≥c 3 m·∫∑t ti·ªÅn si√™u hi·∫øm c·∫ßn b√°n","TP. Bi√™n Ho√†, ƒê·ªìng Nai",6 t·ª∑ 800 tri·ªáu,https://mogi.vn/dong-nai/mua-nha,2026-02-02 15:50:48
ƒê·ªìng Nai,"Nh√† b√°n 1 tr·ªát 1 l·∫ßu 3PN KDC B·ª≠u Long 2 gi√° 4,3 t·ª∑ ƒë∆∞·ªùng th√¥ng b√†n c·ªù","TP. Bi√™n Ho√†, ƒê·ªìng Nai",4 t·ª∑ 300 tri·ªáu,https://mogi.vn/dong-nai/mua-nha,2026-02-02 15:50:48
ƒê·ªìng Nai,L√¥ ƒë·∫•t bi·ªát th·ª± D2D ƒë√£ kh√≥ nay si√™u hi·∫øm c·∫ßn b√°n c·∫∑p ƒë·∫•t v√† nh√† 16x18,"TP. Bi√™n Ho√†, ƒê·ªìng Nai",23 t·ª∑,https://mogi.vn/dong-nai/mua-nha,2026-02-02 15:50:48
ƒê·ªìng Nai,B√°n Nh√† M·∫∑t Ti·ªÅn 12m Ngang M·∫∑t Ti·ªÅn N·ªü H·∫≠u Ph·∫°m VƒÉn Thu·∫≠n Tam Hi·ªáp 68t,"TP. Bi√™n Ho√†, ƒê·ªìng Nai",68 t·ª∑,https://mogi.vn/dong-nai/mua-nha,2026-02-02 15:50:48
ƒê·ªìng Nai,"Nh√† b√°n P.Ho√† B√¨nh g·∫ßn l·∫©u t√¥m 5 ri 172m2 gi√° 4,6t·ª∑ nh√† c≈© h·∫ªm xe h∆°i","TP. Bi√™n Ho√†, ƒê·ªìng Nai",4 t·ª∑ 600 tri·ªáu,https://mogi.vn/dong-nai/mua-nha,2026-02-02 15:50:48
ƒê·ªìng Nai,"Bi·ªát th·ª± KDC B·ª≠u Long nh√† th√¥ 9,45 t·ª∑ view ƒë·∫πp ho√†n thi·ªán ·ªü ngay NG·ªòP","TP. Bi√™n Ho√†, ƒê·ªìng Nai",9 t·ª∑ 450 tri·ªáu,https://mogi.vn/dong-nai/mua-nha,2026-02-02 15:50:48
